kroB100_20_10,100,4950,20,1.000000,22763.000000,4944.590000,1,0.000000,0.090000,0.060000,0.000000,0.070000,0.080000,0.040000,0.060000,0.070000,0.010000,0.010000,0.090000,0.090000,0.030000,0.030000,0.030000,0.040000,0.060000,0.050000,0.090000
brg180_10_10,180,16110,10,1.000000,1970.000000,14307.000000,1,0.200000,0.130000,0.020000,0.000000,0.070000,0.150000,0.150000,0.120000,0.120000,0.040000
kroE100_5_05,100,4950,5,0.500000,22123.000000,1081.440000,1,0.340000,0.360000,0.010000,0.140000,0.150000
ch130_20_03,130,8385,20,0.300000,6062.000000,9153.140000,0,0.010000,0.070000,0.160000,0.060000,0.050000,0.050000,0.080000,0.070000,0.020000,0.070000,0.020000,0.070000,0.020000,0.040000,0.070000,0.030000,0.030000,0.020000,0.040000,0.020000
hk48_20_10,48,1128,20,1.000000,11741.000000,172.513000,1,0.030000,0.030000,0.030000,0.060000,0.010000,0.070000,0.090000,0.010000,0.040000,0.020000,0.070000,0.060000,0.000000,0.030000,0.030000,0.130000,0.010000,0.080000,0.100000,0.100000
kroC100_10_10,100,4950,10,1.000000,21217.000000,1233.330000,1,0.070000,0.110000,0.160000,0.160000,0.000000,0.100000,0.150000,0.080000,0.140000,0.030000
pr136_10_10,136,9180,10,1.000000,98124.000000,6013.050000,1,0.090000,0.170000,0.090000,0.030000,0.120000,0.130000,0.060000,0.040000,0.180000,0.090000
kroE100_10_10,100,4950,10,1.000000,23266.000000,2351.480000,1,0.090000,0.170000,0.020000,0.140000,0.180000,0.140000,0.010000,0.070000,0.180000,0.000000
kroA150_5_10,150,11175,5,1.000000,28028.000000,5720.080000,1,0.070000,0.100000,0.090000,0.200000,0.540000
rat99_20_03,99,4851,20,0.300000,1188.000000,2967.650000,1,0.070000,0.220000,0.080000,0.000000,0.020000,0.060000,0.080000,0.060000,0.010000,0.030000,0.060000,0.010000,0.000000,0.040000,0.030000,0.040000,0.050000,0.060000,0.070000,0.010000
lin105_5_03,105,5460,5,0.300000,14420.000000,568.332000,1,0.340000,0.360000,0.070000,0.100000,0.130000
pr136_10_03,136,9180,10,0.300000,97102.000000,6410.910000,1,0.150000,0.130000,0.140000,0.020000,0.060000,0.120000,0.080000,0.140000,0.120000,0.040000
hk48_20_05,48,1128,20,0.500000,11484.000000,151.850000,1,0.090000,0.080000,0.020000,0.000000,0.090000,0.060000,0.020000,0.030000,0.110000,0.000000,0.140000,0.060000,0.060000,0.000000,0.020000,0.080000,0.120000,0.010000,0.000000,0.010000
brg180_20_10,180,16110,20,1.000000,1960.000000,30431.100000,1,0.060000,0.070000,0.060000,0.040000,0.020000,0.080000,0.070000,0.070000,0.000000,0.010000,0.040000,0.070000,0.040000,0.100000,0.080000,0.010000,0.010000,0.080000,0.030000,0.060000
bayg29_5_05,29,406,5,0.500000,1656.000000,5.729040,1,0.030000,0.390000,0.130000,0.380000,0.070000
brazil58_10_05,58,1653,10,0.500000,25505.000000,173.138000,1,0.050000,0.060000,0.000000,0.160000,0.180000,0.060000,0.170000,0.120000,0.150000,0.050000
eil101_5_05,101,5050,5,0.500000,617.000000,1220.410000,0,0.340000,0.190000,0.050000,0.360000,0.060000
pr107_20_03,107,5671,20,0.300000,44817.000000,43971.600000,1,0.010000,0.020000,0.050000,0.040000,0.030000,0.080000,0.060000,0.000000,0.040000,0.060000,0.060000,0.000000,0.080000,0.060000,0.060000,0.070000,0.080000,0.070000,0.080000,0.050000
kroD100_5_05,100,4950,5,0.500000,21567.000000,982.453000,1,0.140000,0.010000,0.430000,0.320000,0.100000
eil101_10_05,101,5050,10,0.500000,612.000000,2801.910000,0,0.190000,0.090000,0.100000,0.110000,0.130000,0.100000,0.020000,0.120000,0.020000,0.120000
rd100_5_05,100,4950,5,0.500000,7993.000000,706.924000,1,0.330000,0.130000,0.050000,0.270000,0.220000
bayg29_10_05,29,406,10,0.500000,1656.000000,11.133900,1,0.070000,0.010000,0.110000,0.200000,0.020000,0.050000,0.090000,0.110000,0.200000,0.140000
brg180_10_03,180,16110,10,0.300000,1950.000000,35225.900000,1,0.120000,0.180000,0.220000,0.050000,0.060000,0.130000,0.080000,0.060000,0.010000,0.090000
dantzig42_20_10,42,861,20,1.000000,700.000000,79.471900,1,0.030000,0.160000,0.030000,0.050000,0.050000,0.030000,0.000000,0.050000,0.050000,0.060000,0.100000,0.000000,0.070000,0.090000,0.020000,0.020000,0.040000,0.040000,0.020000,0.090000
kroA100_20_05,100,4950,20,0.500000,21775.000000,3625.500000,1,0.040000,0.080000,0.070000,0.050000,0.040000,0.090000,0.010000,0.010000,0.000000,0.060000,0.020000,0.130000,0.010000,0.010000,0.060000,0.040000,0.090000,0.030000,0.090000,0.070000
eil51_10_05,51,1275,10,0.500000,415.000000,173.780000,1,0.130000,0.140000,0.080000,0.160000,0.100000,0.160000,0.040000,0.060000,0.010000,0.120000
gr17_10_03,17,136,10,0.300000,2088.000000,1.890730,1,0.200000,0.020000,0.090000,0.130000,0.160000,0.040000,0.100000,0.120000,0.080000,0.060000
gr24_10_03,24,276,10,0.300000,1272.000000,5.888350,1,0.040000,0.060000,0.120000,0.140000,0.130000,0.020000,0.120000,0.100000,0.180000,0.090000
swiss42_5_03,42,861,5,0.300000,1274.000000,23.730300,0,0.180000,0.230000,0.220000,0.220000,0.150000
lin105_5_10,105,5460,5,1.000000,14916.000000,753.948000,1,0.050000,0.020000,0.330000,0.580000,0.020000
hk48_5_03,48,1128,5,0.300000,11470.000000,36.550200,1,0.190000,0.300000,0.190000,0.020000,0.300000
pr107_5_03,107,5671,5,0.300000,44921.000000,12625.800000,1,0.160000,0.160000,0.190000,0.320000,0.170000
fri26_10_05,26,325,10,0.500000,937.000000,7.527030,1,0.120000,0.100000,0.060000,0.110000,0.150000,0.060000,0.100000,0.030000,0.150000,0.120000
ch150_10_03,150,11175,10,0.300000,6498.000000,11148.500000,1,0.120000,0.150000,0.120000,0.000000,0.180000,0.110000,0.000000,0.110000,0.170000,0.040000
gr120_10_05,120,7140,10,0.500000,7023.000000,3124.940000,1,0.100000,0.140000,0.170000,0.030000,0.130000,0.110000,0.050000,0.090000,0.080000,0.100000
eil101_20_10,101,5050,20,1.000000,630.000000,5504.930000,0,0.010000,0.000000,0.040000,0.020000,0.150000,0.050000,0.080000,0.040000,0.080000,0.090000,0.030000,0.000000,0.050000,0.040000,0.030000,0.080000,0.050000,0.010000,0.090000,0.060000
kroB200_5_05,200,19900,5,0.500000,29638.000000,16613.800000,1,0.230000,0.380000,0.190000,0.110000,0.090000
eil101_20_03,101,5050,20,0.300000,611.000000,5664.350000,0,0.010000,0.000000,0.030000,0.070000,0.010000,0.020000,0.010000,0.090000,0.060000,0.000000,0.060000,0.090000,0.080000,0.010000,0.180000,0.050000,0.060000,0.060000,0.080000,0.030000
kroA150_10_10,150,11175,10,1.000000,27266.000000,8168.990000,1,0.210000,0.020000,0.110000,0.000000,0.110000,0.030000,0.080000,0.250000,0.170000,0.020000
kroB100_5_05,100,4950,5,0.500000,22328.000000,975.124000,1,0.210000,0.250000,0.080000,0.260000,0.200000
brazil58_20_03,58,1653,20,0.300000,25475.000000,341.219000,1,0.030000,0.010000,0.020000,0.020000,0.040000,0.020000,0.000000,0.020000,0.140000,0.120000,0.050000,0.080000,0.090000,0.020000,0.040000,0.120000,0.030000,0.030000,0.070000,0.050000
rat99_10_03,99,4851,10,0.300000,1188.000000,1815.760000,1,0.010000,0.050000,0.070000,0.130000,0.180000,0.130000,0.110000,0.150000,0.110000,0.060000
kroC100_5_05,100,4950,5,0.500000,21020.000000,619.021000,1,0.070000,0.280000,0.420000,0.140000,0.090000
gr48_20_10,48,1128,20,1.000000,5190.000000,213.478000,1,0.090000,0.080000,0.080000,0.090000,0.030000,0.020000,0.040000,0.050000,0.040000,0.020000,0.030000,0.020000,0.040000,0.010000,0.030000,0.050000,0.100000,0.030000,0.080000,0.070000
rd100_10_03,100,4950,10,0.300000,7879.000000,1332.770000,1,0.030000,0.020000,0.170000,0.190000,0.110000,0.080000,0.070000,0.190000,0.070000,0.070000
eil101_10_10,101,5050,10,1.000000,637.000000,2489.500000,1,0.030000,0.100000,0.060000,0.140000,0.090000,0.090000,0.080000,0.110000,0.130000,0.170000
eil101_20_05,101,5050,20,0.500000,610.000000,4420.370000,0,0.010000,0.080000,0.060000,0.080000,0.000000,0.060000,0.010000,0.060000,0.040000,0.030000,0.010000,0.060000,0.170000,0.020000,0.060000,0.020000,0.020000,0.070000,0.060000,0.080000
bier127_5_05,127,8001,5,0.500000,120344.000000,3215.840000,1,0.260000,0.080000,0.140000,0.280000,0.240000
dantzig42_5_03,42,861,5,0.300000,699.000000,21.692300,0,0.310000,0.160000,0.330000,0.130000,0.070000
eil51_5_03,51,1275,5,0.300000,412.000000,70.426900,1,0.030000,0.220000,0.390000,0.070000,0.290000
gr24_5_10,24,276,5,1.000000,1333.000000,3.676450,1,0.160000,0.200000,0.310000,0.040000,0.290000
pr124_10_10,124,7626,10,1.000000,61941.000000,4786.100000,1,0.050000,0.080000,0.060000,0.170000,0.060000,0.160000,0.000000,0.120000,0.140000,0.160000
gr24_20_05,24,276,20,0.500000,1297.000000,12.185700,1,0.070000,0.000000,0.040000,0.060000,0.050000,0.140000,0.010000,0.020000,0.060000,0.030000,0.040000,0.050000,0.000000,0.100000,0.060000,0.040000,0.010000,0.040000,0.090000,0.090000
rat195_5_05,195,18915,5,0.500000,2296.000000,14514.300000,1,0.100000,0.120000,0.290000,0.120000,0.370000
eil101_10_03,101,5050,10,0.300000,610.000000,2948.220000,0,0.070000,0.090000,0.090000,0.140000,0.080000,0.070000,0.200000,0.090000,0.040000,0.130000
kroB150_10_05,150,11175,10,0.500000,26392.000000,6821.900000,1,0.170000,0.050000,0.180000,0.180000,0.050000,0.060000,0.050000,0.120000,0.110000,0.030000
gr21_20_05,21,210,20,0.500000,2709.000000,6.981480,1,0.000000,0.060000,0.010000,0.090000,0.090000,0.040000,0.050000,0.070000,0.060000,0.090000,0.000000,0.000000,0.030000,0.000000,0.000000,0.060000,0.040000,0.070000,0.060000,0.180000
rat99_5_10,99,4851,5,1.000000,1214.000000,909.127000,1,0.050000,0.200000,0.180000,0.350000,0.220000
pr136_5_03,136,9180,5,0.300000,97360.000000,3444.810000,1,0.060000,0.130000,0.200000,0.270000,0.340000
brazil58_5_10,58,1653,5,1.000000,26609.000000,100.848000,1,0.200000,0.130000,0.060000,0.530000,0.080000
gr120_10_10,120,7140,10,1.000000,7161.000000,4589.150000,1,0.050000,0.030000,0.100000,0.170000,0.110000,0.150000,0.120000,0.070000,0.090000,0.110000
eil76_10_10,76,2850,10,1.000000,539.000000,751.779000,1,0.180000,0.080000,0.080000,0.040000,0.130000,0.000000,0.130000,0.190000,0.120000,0.050000
bays29_5_10,29,406,5,1.000000,2172.000000,5.711700,1,0.330000,0.040000,0.340000,0.180000,0.110000
eil76_5_05,76,2850,5,0.500000,527.000000,329.436000,0,0.260000,0.030000,0.000000,0.360000,0.350000
pr107_10_10,107,5671,10,1.000000,45961.000000,16774.800000,1,0.110000,0.050000,0.110000,0.100000,0.150000,0.040000,0.110000,0.110000,0.100000,0.120000
ch130_20_05,130,8385,20,0.500000,6142.000000,11739.100000,1,0.070000,0.010000,0.060000,0.040000,0.000000,0.070000,0.060000,0.080000,0.020000,0.040000,0.050000,0.040000,0.070000,0.070000,0.070000,0.030000,0.010000,0.060000,0.090000,0.060000
pr107_20_05,107,5671,20,0.500000,45027.000000,52146.000000,1,0.000000,0.000000,0.030000,0.050000,0.220000,0.020000,0.020000,0.020000,0.040000,0.040000,0.030000,0.020000,0.060000,0.040000,0.110000,0.110000,0.070000,0.010000,0.080000,0.030000
brazil58_10_10,58,1653,10,1.000000,26640.000000,233.818000,1,0.120000,0.050000,0.090000,0.100000,0.110000,0.140000,0.010000,0.090000,0.100000,0.190000
berlin52_20_03,52,1326,20,0.300000,7554.000000,231.858000,1,0.040000,0.070000,0.060000,0.020000,0.030000,0.070000,0.050000,0.030000,0.080000,0.010000,0.000000,0.040000,0.070000,0.070000,0.010000,0.020000,0.160000,0.050000,0.040000,0.080000
gr48_5_10,48,1128,5,1.000000,5206.000000,49.730700,1,0.340000,0.110000,0.010000,0.200000,0.340000
bier127_5_03,127,8001,5,0.300000,119552.000000,2343.340000,1,0.310000,0.330000,0.230000,0.090000,0.040000
gr120_20_05,120,7140,20,0.500000,7027.000000,6513.740000,1,0.010000,0.100000,0.020000,0.060000,0.010000,0.100000,0.100000,0.020000,0.030000,0.100000,0.050000,0.010000,0.000000,0.050000,0.030000,0.140000,0.000000,0.050000,0.080000,0.040000
fri26_20_03,26,325,20,0.300000,937.000000,14.323200,1,0.020000,0.020000,0.050000,0.110000,0.080000,0.010000,0.070000,0.010000,0.050000,0.010000,0.090000,0.010000,0.070000,0.020000,0.030000,0.020000,0.040000,0.100000,0.090000,0.100000
kroB200_5_03,200,19900,5,0.300000,29543.000000,13685.800000,1,0.170000,0.250000,0.250000,0.250000,0.080000
brg180_5_03,180,16110,5,0.300000,1953.890000,21381.600000,0,0.080000,0.180000,0.190000,0.300000,0.250000
eil76_5_03,76,2850,5,0.300000,527.000000,277.589000,0,0.280000,0.140000,0.210000,0.020000,0.350000
gr120_10_03,120,7140,10,0.300000,7015.000000,3606.330000,1,0.030000,0.090000,0.090000,0.150000,0.110000,0.100000,0.120000,0.150000,0.150000,0.010000
bays29_5_03,29,406,5,0.300000,2038.000000,5.827650,1,0.070000,0.280000,0.250000,0.270000,0.130000
gr24_10_05,24,276,10,0.500000,1272.000000,5.939290,1,0.070000,0.170000,0.160000,0.060000,0.060000,0.040000,0.160000,0.130000,0.050000,0.100000
gr17_5_10,17,136,5,1.000000,2226.000000,1.029540,1,0.290000,0.180000,0.230000,0.070000,0.230000
pr76_5_05,76,2850,5,0.500000,109912.000000,347.576000,1,0.180000,0.090000,0.120000,0.200000,0.410000
swiss42_20_03,42,861,20,0.300000,1273.000000,95.413200,1,0.130000,0.080000,0.110000,0.020000,0.000000,0.060000,0.020000,0.030000,0.070000,0.050000,0.080000,0.010000,0.030000,0.040000,0.090000,0.020000,0.070000,0.000000,0.010000,0.080000
gr17_5_05,17,136,5,0.500000,2226.000000,0.970228,1,0.140000,0.120000,0.280000,0.440000,0.020000
kroB100_5_03,100,4950,5,0.300000,22310.000000,984.860000,1,0.180000,0.230000,0.230000,0.150000,0.210000
st70_10_03,70,2415,10,0.300000,652.000000,404.852000,0,0.060000,0.210000,0.070000,0.070000,0.020000,0.170000,0.140000,0.120000,0.020000,0.120000
gr48_10_05,48,1128,10,0.500000,5104.000000,117.907000,1,0.070000,0.040000,0.010000,0.200000,0.110000,0.160000,0.090000,0.040000,0.070000,0.210000
dantzig42_10_05,42,861,10,0.500000,700.000000,40.235900,1,0.170000,0.020000,0.120000,0.150000,0.090000,0.060000,0.130000,0.000000,0.150000,0.110000
st70_5_05,70,2415,5,0.500000,655.000000,258.283000,1,0.210000,0.300000,0.170000,0.040000,0.280000
dantzig42_5_10,42,861,5,1.000000,699.000000,19.584700,1,0.140000,0.130000,0.130000,0.210000,0.390000
swiss42_10_05,42,861,10,0.500000,1290.000000,53.684900,1,0.020000,0.100000,0.170000,0.000000,0.130000,0.060000,0.160000,0.160000,0.050000,0.150000
swiss42_20_10,42,861,20,1.000000,1317.000000,138.245000,1,0.060000,0.050000,0.060000,0.030000,0.040000,0.020000,0.030000,0.040000,0.050000,0.030000,0.010000,0.060000,0.040000,0.070000,0.060000,0.060000,0.080000,0.100000,0.050000,0.060000
kroB150_10_10,150,11175,10,1.000000,27049.000000,8989.840000,1,0.100000,0.040000,0.020000,0.130000,0.050000,0.230000,0.150000,0.100000,0.170000,0.010000
pr124_5_05,124,7626,5,0.500000,59712.000000,3069.510000,1,0.410000,0.170000,0.040000,0.350000,0.030000
rat99_5_05,99,4851,5,0.500000,1188.000000,725.778000,1,0.250000,0.280000,0.130000,0.100000,0.240000
kroB150_5_03,150,11175,5,0.300000,26224.000000,3158.680000,1,0.240000,0.280000,0.310000,0.070000,0.100000
pr144_5_05,144,10296,5,0.500000,60437.000000,22627.100000,1,0.030000,0.290000,0.280000,0.210000,0.190000
gr120_20_10,120,7140,20,1.000000,7217.000000,7787.330000,1,0.020000,0.010000,0.050000,0.130000,0.020000,0.070000,0.080000,0.060000,0.020000,0.080000,0.000000,0.060000,0.040000,0.010000,0.050000,0.060000,0.070000,0.070000,0.040000,0.060000
kroD100_10_10,100,4950,10,1.000000,21715.000000,1725.300000,1,0.080000,0.160000,0.140000,0.060000,0.030000,0.090000,0.170000,0.190000,0.040000,0.040000
eil76_20_05,76,2850,20,0.500000,531.000000,1238.230000,0,0.040000,0.080000,0.090000,0.130000,0.050000,0.080000,0.080000,0.070000,0.000000,0.010000,0.100000,0.070000,0.050000,0.030000,0.030000,0.060000,0.000000,0.000000,0.010000,0.020000
pr136_5_05,136,9180,5,0.500000,98449.000000,4499.100000,1,0.030000,0.360000,0.140000,0.200000,0.270000
rd100_5_10,100,4950,5,1.000000,8268.000000,735.701000,1,0.190000,0.310000,0.050000,0.180000,0.270000
rat99_20_10,99,4851,20,1.000000,1197.000000,3190.840000,1,0.070000,0.100000,0.080000,0.010000,0.100000,0.050000,0.030000,0.000000,0.050000,0.090000,0.050000,0.030000,0.040000,0.000000,0.220000,0.030000,0.000000,0.020000,0.010000,0.020000
swiss42_20_05,42,861,20,0.500000,1279.000000,97.181100,1,0.020000,0.000000,0.000000,0.000000,0.030000,0.020000,0.060000,0.090000,0.040000,0.090000,0.050000,0.120000,0.080000,0.010000,0.030000,0.060000,0.030000,0.000000,0.190000,0.080000
rd100_10_05,100,4950,10,0.500000,7873.000000,1550.030000,1,0.140000,0.140000,0.130000,0.110000,0.050000,0.100000,0.020000,0.050000,0.170000,0.090000
kroB100_20_05,100,4950,20,0.500000,22307.000000,4488.630000,1,0.060000,0.010000,0.000000,0.020000,0.080000,0.010000,0.040000,0.090000,0.040000,0.070000,0.090000,0.040000,0.090000,0.050000,0.010000,0.030000,0.030000,0.150000,0.090000,0.000000
kroC100_20_05,100,4950,20,0.500000,20877.000000,2317.020000,1,0.070000,0.160000,0.010000,0.080000,0.070000,0.000000,0.070000,0.060000,0.010000,0.010000,0.010000,0.070000,0.020000,0.050000,0.070000,0.060000,0.060000,0.040000,0.030000,0.050000
eil101_5_10,101,5050,5,1.000000,632.000000,1278.820000,1,0.270000,0.080000,0.080000,0.220000,0.350000
rat99_10_05,99,4851,10,0.500000,1195.000000,1479.020000,1,0.040000,0.120000,0.080000,0.070000,0.080000,0.060000,0.180000,0.150000,0.090000,0.130000
pr107_10_03,107,5671,10,0.300000,44956.000000,19536.900000,1,0.230000,0.030000,0.040000,0.100000,0.200000,0.050000,0.120000,0.190000,0.030000,0.010000
gr24_20_10,24,276,20,1.000000,1349.000000,13.111500,1,0.030000,0.050000,0.010000,0.070000,0.100000,0.090000,0.020000,0.170000,0.070000,0.090000,0.050000,0.040000,0.060000,0.010000,0.030000,0.000000,0.030000,0.020000,0.030000,0.030000
eil76_10_05,76,2850,10,0.500000,528.000000,643.483000,1,0.010000,0.200000,0.150000,0.030000,0.050000,0.040000,0.150000,0.100000,0.150000,0.120000
kroB100_10_05,100,4950,10,0.500000,22260.000000,1910.610000,1,0.020000,0.120000,0.130000,0.110000,0.100000,0.130000,0.130000,0.120000,0.030000,0.110000
ch130_10_10,130,8385,10,1.000000,6263.000000,4882.230000,1,0.100000,0.050000,0.190000,0.170000,0.010000,0.080000,0.010000,0.170000,0.210000,0.010000
gr21_10_03,21,210,10,0.300000,2709.000000,3.409420,1,0.070000,0.080000,0.040000,0.030000,0.110000,0.150000,0.130000,0.150000,0.090000,0.150000
pr152_10_03,152,11476,10,0.300000,74624.000000,32792.000000,1,0.130000,0.160000,0.090000,0.140000,0.120000,0.180000,0.030000,0.090000,0.030000,0.030000
kroB100_20_03,100,4950,20,0.300000,22202.000000,3485.110000,1,0.060000,0.050000,0.080000,0.030000,0.000000,0.060000,0.070000,0.090000,0.030000,0.090000,0.030000,0.090000,0.040000,0.020000,0.060000,0.010000,0.050000,0.060000,0.020000,0.060000
lin105_20_10,105,5460,20,1.000000,14822.000000,3527.550000,1,0.050000,0.040000,0.080000,0.030000,0.010000,0.060000,0.000000,0.000000,0.030000,0.080000,0.070000,0.070000,0.030000,0.090000,0.010000,0.010000,0.100000,0.040000,0.000000,0.200000
swiss42_5_05,42,861,5,0.500000,1273.000000,23.125500,1,0.100000,0.280000,0.200000,0.270000,0.150000
pr152_5_05,152,11476,5,0.500000,74632.000000,17108.900000,1,0.300000,0.270000,0.140000,0.240000,0.050000
kroA150_10_05,150,11175,10,0.500000,26793.000000,9543.530000,1,0.000000,0.040000,0.110000,0.100000,0.150000,0.170000,0.170000,0.040000,0.160000,0.060000
kroB150_5_10,150,11175,5,1.000000,26720.000000,3723.400000,1,0.040000,0.380000,0.350000,0.090000,0.140000
si175_5_05,175,15225,5,0.500000,22035.000000,8235.530000,1,0.190000,0.240000,0.230000,0.150000,0.190000
kroD100_10_05,100,4950,10,0.500000,21544.000000,1632.990000,1,0.050000,0.170000,0.080000,0.160000,0.260000,0.130000,0.010000,0.050000,0.020000,0.070000
gr120_5_03,120,7140,5,0.300000,7005.000000,1813.220000,1,0.370000,0.220000,0.130000,0.060000,0.220000
dantzig42_10_03,42,861,10,0.300000,700.000000,40.005700,0,0.000000,0.100000,0.130000,0.050000,0.150000,0.060000,0.180000,0.040000,0.140000,0.150000
kroE100_5_10,100,4950,5,1.000000,22806.000000,1020.360000,1,0.330000,0.160000,0.090000,0.310000,0.110000
rd100_20_10,100,4950,20,1.000000,8142.000000,3041.800000,1,0.020000,0.080000,0.080000,0.070000,0.070000,0.010000,0.040000,0.040000,0.050000,0.010000,0.060000,0.050000,0.140000,0.000000,0.010000,0.030000,0.070000,0.060000,0.060000,0.050000
bays29_20_03,29,406,20,0.300000,2036.000000,23.705200,1,0.040000,0.090000,0.060000,0.080000,0.030000,0.010000,0.020000,0.020000,0.090000,0.060000,0.080000,0.020000,0.030000,0.020000,0.010000,0.030000,0.010000,0.170000,0.050000,0.080000
kroD100_20_03,100,4950,20,0.300000,21308.000000,3472.820000,1,0.040000,0.070000,0.070000,0.020000,0.010000,0.040000,0.060000,0.050000,0.050000,0.070000,0.060000,0.060000,0.060000,0.010000,0.100000,0.040000,0.040000,0.040000,0.030000,0.080000
kroA150_5_05,150,11175,5,0.500000,26722.000000,5499.140000,1,0.290000,0.080000,0.230000,0.100000,0.300000
bayg29_20_03,29,406,20,0.300000,1636.000000,25.205000,1,0.000000,0.030000,0.030000,0.000000,0.090000,0.010000,0.020000,0.070000,0.020000,0.040000,0.030000,0.080000,0.010000,0.060000,0.100000,0.070000,0.050000,0.100000,0.100000,0.090000
kroA150_5_03,150,11175,5,0.300000,26512.000000,5106.140000,1,0.180000,0.000000,0.310000,0.370000,0.140000
rat195_5_03,195,18915,5,0.300000,2276.000000,22361.500000,1,0.150000,0.280000,0.190000,0.090000,0.290000
berlin52_10_03,52,1326,10,0.300000,7526.000000,113.485000,1,0.220000,0.060000,0.140000,0.100000,0.160000,0.090000,0.080000,0.000000,0.020000,0.130000
lin105_5_05,105,5460,5,0.500000,14699.000000,706.512000,1,0.290000,0.270000,0.050000,0.120000,0.270000
st70_20_05,70,2415,20,0.500000,654.000000,949.720000,1,0.070000,0.070000,0.020000,0.070000,0.020000,0.160000,0.020000,0.070000,0.020000,0.040000,0.080000,0.060000,0.020000,0.010000,0.090000,0.000000,0.000000,0.020000,0.080000,0.080000
hk48_10_10,48,1128,10,1.000000,11910.000000,108.031000,1,0.100000,0.180000,0.080000,0.060000,0.110000,0.110000,0.100000,0.100000,0.080000,0.080000
eil51_20_10,51,1275,20,1.000000,420.000000,271.670000,1,0.070000,0.060000,0.070000,0.060000,0.060000,0.020000,0.010000,0.050000,0.050000,0.070000,0.050000,0.070000,0.030000,0.020000,0.050000,0.130000,0.070000,0.030000,0.010000,0.020000
dantzig42_5_05,42,861,5,0.500000,700.000000,18.733700,0,0.140000,0.150000,0.240000,0.180000,0.290000
kroD100_20_10,100,4950,20,1.000000,21923.000000,5132.370000,1,0.010000,0.120000,0.040000,0.060000,0.020000,0.010000,0.060000,0.020000,0.020000,0.150000,0.050000,0.000000,0.040000,0.030000,0.090000,0.090000,0.020000,0.020000,0.030000,0.120000
kroD100_5_03,100,4950,5,0.300000,21464.000000,705.239000,1,0.280000,0.380000,0.050000,0.150000,0.140000
gr21_5_03,21,210,5,0.300000,2709.000000,1.737050,1,0.030000,0.160000,0.220000,0.230000,0.360000
brazil58_20_05,58,1653,20,0.500000,25505.000000,360.480000,1,0.090000,0.030000,0.040000,0.030000,0.060000,0.000000,0.040000,0.020000,0.060000,0.110000,0.070000,0.050000,0.040000,0.030000,0.070000,0.080000,0.050000,0.050000,0.020000,0.060000
rd100_5_03,100,4950,5,0.300000,7892.000000,658.765000,1,0.120000,0.330000,0.120000,0.200000,0.230000
gr17_10_05,17,136,10,0.500000,2090.000000,2.715190,1,0.010000,0.090000,0.090000,0.130000,0.090000,0.170000,0.000000,0.200000,0.050000,0.170000
berlin52_10_05,52,1326,10,0.500000,7634.000000,127.710000,1,0.030000,0.040000,0.140000,0.170000,0.140000,0.110000,0.130000,0.020000,0.170000,0.050000
st70_10_10,70,2415,10,1.000000,678.000000,475.741000,0,0.080000,0.110000,0.000000,0.130000,0.120000,0.100000,0.170000,0.150000,0.070000,0.070000
gr120_5_10,120,7140,5,1.000000,7172.000000,1779.060000,1,0.330000,0.320000,0.080000,0.250000,0.020000
eil51_20_05,51,1275,20,0.500000,416.000000,335.277000,1,0.130000,0.070000,0.060000,0.090000,0.030000,0.080000,0.030000,0.040000,0.080000,0.010000,0.010000,0.040000,0.070000,0.050000,0.030000,0.030000,0.020000,0.070000,0.060000,0.000000
kroA100_10_05,100,4950,10,0.500000,21449.000000,1727.200000,1,0.000000,0.190000,0.020000,0.010000,0.120000,0.130000,0.180000,0.120000,0.060000,0.170000
pr152_5_10,152,11476,5,1.000000,78816.000000,21657.900000,1,0.280000,0.140000,0.020000,0.290000,0.270000
bays29_10_03,29,406,10,0.300000,2034.000000,12.131400,1,0.070000,0.050000,0.050000,0.080000,0.180000,0.000000,0.180000,0.110000,0.080000,0.200000
gr17_5_03,17,136,5,0.300000,2090.000000,1.369480,1,0.320000,0.240000,0.090000,0.290000,0.060000
brg180_5_10,180,16110,5,1.000000,2000.000000,7713.880000,1,0.330000,0.350000,0.080000,0.040000,0.200000
pr76_5_10,76,2850,5,1.000000,111838.000000,363.603000,1,0.250000,0.140000,0.190000,0.210000,0.210000
bier127_10_03,127,8001,10,0.300000,119605.000000,4892.850000,1,0.130000,0.040000,0.070000,0.080000,0.040000,0.080000,0.120000,0.010000,0.240000,0.190000
hk48_10_03,48,1128,10,0.300000,11545.000000,81.516800,1,0.080000,0.090000,0.170000,0.090000,0.110000,0.000000,0.030000,0.120000,0.270000,0.040000
gr21_10_05,21,210,10,0.500000,2709.000000,3.588150,1,0.100000,0.160000,0.170000,0.100000,0.010000,0.020000,0.040000,0.070000,0.160000,0.170000
bier127_10_05,127,8001,10,0.500000,120821.000000,9065.600000,1,0.040000,0.060000,0.170000,0.060000,0.220000,0.090000,0.170000,0.060000,0.080000,0.050000
pr144_10_05,144,10296,10,0.500000,60455.000000,38661.900000,1,0.100000,0.160000,0.180000,0.160000,0.020000,0.100000,0.110000,0.000000,0.120000,0.050000
u159_5_10,159,12561,5,1.000000,43042.000000,4419.000000,1,0.110000,0.080000,0.330000,0.290000,0.190000
kroC100_20_03,100,4950,20,0.300000,20807.000000,2349.750000,1,0.050000,0.070000,0.090000,0.010000,0.010000,0.100000,0.030000,0.110000,0.020000,0.010000,0.010000,0.070000,0.070000,0.010000,0.020000,0.070000,0.110000,0.020000,0.080000,0.040000
kroE100_10_05,100,4950,10,0.500000,22604.000000,2273.550000,1,0.190000,0.230000,0.020000,0.120000,0.070000,0.140000,0.050000,0.080000,0.100000,0.000000
gr21_5_05,21,210,5,0.500000,2709.000000,1.863610,1,0.490000,0.220000,0.110000,0.050000,0.130000
fri26_5_03,26,325,5,0.300000,937.000000,3.663640,1,0.490000,0.010000,0.050000,0.190000,0.260000
swiss42_5_10,42,861,5,1.000000,1347.000000,32.250800,1,0.370000,0.300000,0.230000,0.010000,0.090000
kroB150_5_05,150,11175,5,0.500000,26544.000000,3478.760000,1,0.080000,0.270000,0.200000,0.200000,0.250000
ch150_20_10,150,11175,20,1.000000,6704.000000,20467.400000,1,0.060000,0.120000,0.080000,0.030000,0.030000,0.090000,0.070000,0.030000,0.040000,0.000000,0.040000,0.090000,0.010000,0.090000,0.020000,0.060000,0.030000,0.050000,0.040000,0.020000
ch130_5_05,130,8385,5,0.500000,6143.000000,2294.820000,1,0.060000,0.310000,0.410000,0.100000,0.120000
berlin52_20_05,52,1326,20,0.500000,7554.000000,241.906000,1,0.020000,0.060000,0.060000,0.030000,0.080000,0.070000,0.020000,0.080000,0.080000,0.040000,0.050000,0.040000,0.020000,0.180000,0.090000,0.000000,0.000000,0.020000,0.030000,0.030000
ch130_5_03,130,8385,5,0.300000,6090.000000,1947.960000,0,0.070000,0.230000,0.170000,0.220000,0.310000
fri26_20_10,26,325,20,1.000000,957.000000,15.332200,1,0.100000,0.060000,0.060000,0.030000,0.050000,0.050000,0.020000,0.020000,0.010000,0.060000,0.100000,0.050000,0.010000,0.080000,0.040000,0.000000,0.050000,0.010000,0.180000,0.020000
kroB100_10_10,100,4950,10,1.000000,22757.000000,2443.440000,1,0.050000,0.110000,0.100000,0.170000,0.050000,0.060000,0.130000,0.020000,0.170000,0.140000
ch150_10_05,150,11175,10,0.500000,6573.000000,10806.800000,1,0.150000,0.000000,0.080000,0.040000,0.070000,0.260000,0.140000,0.130000,0.000000,0.130000
bays29_10_10,29,406,10,1.000000,2071.000000,11.162500,1,0.060000,0.060000,0.070000,0.080000,0.120000,0.150000,0.190000,0.000000,0.140000,0.130000
berlin52_5_03,52,1326,5,0.300000,7554.000000,58.176200,1,0.220000,0.200000,0.140000,0.070000,0.370000
pr136_10_05,136,9180,10,0.500000,97521.000000,7093.370000,1,0.110000,0.040000,0.170000,0.170000,0.070000,0.060000,0.140000,0.120000,0.040000,0.080000
st70_5_10,70,2415,5,1.000000,676.000000,240.977000,1,0.040000,0.390000,0.040000,0.230000,0.300000
bayg29_20_10,29,406,20,1.000000,1735.000000,25.192200,1,0.140000,0.070000,0.090000,0.080000,0.050000,0.050000,0.050000,0.060000,0.000000,0.080000,0.060000,0.030000,0.080000,0.010000,0.030000,0.010000,0.040000,0.020000,0.010000,0.040000
dantzig42_10_10,42,861,10,1.000000,700.000000,43.884500,1,0.080000,0.220000,0.040000,0.070000,0.040000,0.130000,0.080000,0.070000,0.140000,0.130000
kroD100_20_05,100,4950,20,0.500000,21425.000000,4069.400000,1,0.020000,0.060000,0.090000,0.010000,0.110000,0.070000,0.050000,0.050000,0.060000,0.020000,0.140000,0.090000,0.000000,0.010000,0.010000,0.020000,0.100000,0.010000,0.070000,0.010000
brazil58_20_10,58,1653,20,1.000000,25823.000000,434.769000,1,0.010000,0.070000,0.070000,0.050000,0.010000,0.060000,0.040000,0.080000,0.000000,0.050000,0.020000,0.040000,0.070000,0.040000,0.060000,0.160000,0.060000,0.080000,0.000000,0.030000
kroE100_20_05,100,4950,20,0.500000,22663.000000,3874.120000,1,0.020000,0.060000,0.150000,0.060000,0.070000,0.050000,0.030000,0.010000,0.070000,0.010000,0.080000,0.040000,0.050000,0.060000,0.040000,0.030000,0.000000,0.080000,0.030000,0.060000
ch150_10_10,150,11175,10,1.000000,6739.000000,9777.150000,1,0.020000,0.030000,0.140000,0.100000,0.150000,0.070000,0.110000,0.130000,0.120000,0.130000
gr17_20_10,17,136,20,1.000000,2237.000000,4.310690,1,0.000000,0.090000,0.050000,0.110000,0.000000,0.060000,0.080000,0.030000,0.160000,0.080000,0.040000,0.000000,0.010000,0.110000,0.090000,0.000000,0.020000,0.000000,0.030000,0.040000
bier127_20_05,127,8001,20,0.500000,121292.000000,14157.100000,1,0.010000,0.140000,0.050000,0.030000,0.050000,0.020000,0.070000,0.030000,0.070000,0.060000,0.070000,0.050000,0.020000,0.080000,0.050000,0.040000,0.050000,0.000000,0.070000,0.040000
u159_5_03,159,12561,5,0.300000,42198.000000,3198.920000,1,0.440000,0.010000,0.310000,0.220000,0.020000
pr144_10_03,144,10296,10,0.300000,59676.000000,40156.600000,1,0.050000,0.000000,0.090000,0.140000,0.050000,0.070000,0.120000,0.110000,0.220000,0.150000
ch130_20_10,130,8385,20,1.000000,6225.000000,9375.640000,1,0.040000,0.010000,0.070000,0.020000,0.070000,0.080000,0.020000,0.030000,0.060000,0.090000,0.090000,0.020000,0.070000,0.010000,0.070000,0.090000,0.010000,0.040000,0.050000,0.060000
bayg29_10_03,29,406,10,0.300000,1634.000000,10.805000,1,0.030000,0.160000,0.030000,0.040000,0.200000,0.110000,0.120000,0.050000,0.200000,0.060000
kroA100_10_03,100,4950,10,0.300000,21410.000000,1786.680000,1,0.050000,0.020000,0.170000,0.180000,0.020000,0.140000,0.070000,0.120000,0.180000,0.050000
eil76_20_03,76,2850,20,0.300000,526.000000,1413.370000,0,0.030000,0.120000,0.060000,0.020000,0.060000,0.020000,0.050000,0.060000,0.070000,0.020000,0.050000,0.050000,0.060000,0.060000,0.060000,0.020000,0.020000,0.050000,0.060000,0.060000
gr21_5_10,21,210,5,1.000000,2709.000000,1.938210,1,0.280000,0.150000,0.130000,0.210000,0.230000
st70_20_03,70,2415,20,0.300000,654.000000,844.836000,0,0.040000,0.010000,0.060000,0.050000,0.030000,0.040000,0.070000,0.080000,0.070000,0.010000,0.080000,0.050000,0.000000,0.160000,0.040000,0.080000,0.020000,0.030000,0.030000,0.050000
eil76_10_03,76,2850,10,0.300000,526.000000,538.743000,0,0.040000,0.200000,0.090000,0.210000,0.100000,0.020000,0.060000,0.070000,0.010000,0.200000
rat99_20_05,99,4851,20,0.500000,1192.000000,3427.350000,1,0.020000,0.000000,0.070000,0.050000,0.040000,0.080000,0.030000,0.120000,0.050000,0.010000,0.070000,0.030000,0.030000,0.020000,0.080000,0.070000,0.040000,0.090000,0.090000,0.010000
kroE100_20_03,100,4950,20,0.300000,22162.000000,5029.920000,1,0.080000,0.070000,0.020000,0.060000,0.040000,0.080000,0.050000,0.040000,0.060000,0.010000,0.050000,0.060000,0.030000,0.020000,0.090000,0.050000,0.050000,0.030000,0.020000,0.090000
ch150_5_03,150,11175,5,0.300000,6475.000000,6447.920000,1,0.200000,0.400000,0.040000,0.070000,0.290000
kroD100_5_10,100,4950,5,1.000000,22237.000000,1052.790000,1,0.240000,0.240000,0.180000,0.270000,0.070000
hk48_5_10,48,1128,5,1.000000,11689.000000,49.074900,1,0.040000,0.510000,0.150000,0.170000,0.130000
kroA100_5_05,100,4950,5,0.500000,21419.000000,1016.390000,1,0.100000,0.220000,0.280000,0.300000,0.100000
kroA100_5_03,100,4950,5,0.300000,21470.000000,735.749000,1,0.160000,0.250000,0.200000,0.040000,0.350000
bays29_20_05,29,406,20,0.500000,2036.000000,23.186200,1,0.040000,0.050000,0.090000,0.000000,0.120000,0.040000,0.050000,0.070000,0.030000,0.040000,0.110000,0.110000,0.050000,0.010000,0.000000,0.010000,0.030000,0.020000,0.040000,0.090000
kroB100_5_10,100,4950,5,1.000000,23141.000000,1332.130000,1,0.030000,0.150000,0.290000,0.350000,0.180000
lin105_10_03,105,5460,10,0.300000,14456.000000,1297.550000,1,0.190000,0.040000,0.000000,0.180000,0.010000,0.090000,0.180000,0.050000,0.250000,0.010000
berlin52_10_10,52,1326,10,1.000000,7725.000000,139.039000,1,0.030000,0.110000,0.100000,0.190000,0.000000,0.040000,0.190000,0.040000,0.120000,0.180000
bier127_20_10,127,8001,20,1.000000,123645.000000,12451.400000,1,0.030000,0.050000,0.080000,0.040000,0.040000,0.080000,0.060000,0.000000,0.080000,0.040000,0.070000,0.040000,0.010000,0.080000,0.060000,0.040000,0.030000,0.010000,0.120000,0.040000
dantzig42_20_03,42,861,20,0.300000,700.000000,99.481800,1,0.010000,0.000000,0.020000,0.060000,0.040000,0.050000,0.030000,0.170000,0.040000,0.080000,0.040000,0.080000,0.070000,0.030000,0.040000,0.020000,0.070000,0.070000,0.060000,0.020000
kroA100_20_10,100,4950,20,1.000000,21918.000000,4185.100000,1,0.030000,0.010000,0.060000,0.190000,0.040000,0.090000,0.090000,0.000000,0.020000,0.080000,0.020000,0.010000,0.030000,0.030000,0.050000,0.040000,0.010000,0.070000,0.090000,0.040000
brg180_20_05,180,16110,20,0.500000,1960.000000,44845.300000,1,0.010000,0.080000,0.030000,0.110000,0.080000,0.080000,0.140000,0.000000,0.010000,0.080000,0.010000,0.000000,0.050000,0.060000,0.080000,0.010000,0.030000,0.020000,0.050000,0.070000
gr21_20_03,21,210,20,0.300000,2709.000000,6.715840,1,0.080000,0.030000,0.060000,0.000000,0.060000,0.030000,0.080000,0.140000,0.070000,0.030000,0.050000,0.000000,0.080000,0.050000,0.000000,0.070000,0.030000,0.060000,0.060000,0.020000
ch150_20_03,150,11175,20,0.300000,6459.000000,25306.100000,1,0.020000,0.080000,0.010000,0.040000,0.070000,0.070000,0.050000,0.030000,0.010000,0.040000,0.080000,0.010000,0.060000,0.050000,0.180000,0.020000,0.070000,0.020000,0.020000,0.070000
bays29_20_10,29,406,20,1.000000,2131.000000,23.093100,1,0.080000,0.030000,0.170000,0.000000,0.060000,0.050000,0.020000,0.080000,0.050000,0.040000,0.030000,0.040000,0.010000,0.020000,0.070000,0.080000,0.030000,0.010000,0.070000,0.060000
kroA150_10_03,150,11175,10,0.300000,26676.000000,8878.570000,1,0.170000,0.040000,0.030000,0.150000,0.250000,0.170000,0.040000,0.070000,0.010000,0.070000
bier127_20_03,127,8001,20,0.300000,120343.000000,9522.050000,1,0.020000,0.080000,0.010000,0.060000,0.030000,0.020000,0.020000,0.000000,0.040000,0.020000,0.090000,0.090000,0.060000,0.050000,0.020000,0.030000,0.170000,0.050000,0.060000,0.080000
ch150_5_05,150,11175,5,0.500000,6610.000000,4060.250000,1,0.200000,0.070000,0.190000,0.210000,0.330000
gr17_20_03,17,136,20,0.300000,2090.000000,5.209280,1,0.080000,0.040000,0.140000,0.010000,0.070000,0.010000,0.040000,0.010000,0.060000,0.070000,0.070000,0.080000,0.050000,0.000000,0.070000,0.070000,0.000000,0.020000,0.050000,0.060000
kroA200_5_03,200,19900,5,0.300000,29575.000000,15333.600000,1,0.230000,0.150000,0.230000,0.070000,0.320000
swiss42_10_10,42,861,10,1.000000,1273.000000,57.961000,1,0.130000,0.120000,0.060000,0.090000,0.090000,0.120000,0.100000,0.060000,0.080000,0.150000
gr17_20_05,17,136,20,0.500000,2090.000000,4.102730,1,0.080000,0.080000,0.000000,0.040000,0.010000,0.050000,0.140000,0.050000,0.020000,0.060000,0.030000,0.060000,0.070000,0.040000,0.040000,0.030000,0.020000,0.080000,0.060000,0.040000
pr107_5_05,107,5671,5,0.500000,45406.000000,9034.060000,1,0.250000,0.050000,0.300000,0.320000,0.080000
eil51_5_10,51,1275,5,1.000000,430.000000,72.665900,1,0.260000,0.320000,0.200000,0.200000,0.020000
fri26_5_05,26,325,5,0.500000,940.000000,3.707720,1,0.220000,0.250000,0.100000,0.250000,0.180000
dantzig42_20_05,42,861,20,0.500000,700.000000,80.138400,1,0.040000,0.000000,0.030000,0.010000,0.010000,0.090000,0.060000,0.060000,0.050000,0.050000,0.020000,0.070000,0.040000,0.070000,0.120000,0.070000,0.060000,0.080000,0.030000,0.040000
gr48_10_10,48,1128,10,1.000000,5148.000000,111.760000,1,0.130000,0.030000,0.130000,0.090000,0.020000,0.170000,0.040000,0.120000,0.140000,0.130000
kroA100_20_03,100,4950,20,0.300000,21318.000000,3684.340000,1,0.010000,0.010000,0.070000,0.090000,0.040000,0.020000,0.040000,0.040000,0.030000,0.020000,0.100000,0.080000,0.090000,0.140000,0.040000,0.000000,0.080000,0.090000,0.010000,0.000000
hk48_20_03,48,1128,20,0.300000,11474.000000,143.512000,1,0.070000,0.080000,0.070000,0.000000,0.030000,0.020000,0.050000,0.000000,0.060000,0.000000,0.010000,0.050000,0.070000,0.060000,0.030000,0.070000,0.040000,0.060000,0.060000,0.170000
gr48_5_03,48,1128,5,0.300000,5083.000000,58.900500,1,0.120000,0.090000,0.150000,0.410000,0.230000
lin105_10_10,105,5460,10,1.000000,15048.000000,1853.230000,1,0.150000,0.150000,0.110000,0.040000,0.160000,0.180000,0.000000,0.070000,0.010000,0.130000
pr76_20_05,76,2850,20,0.500000,108560.000000,1634.280000,1,0.060000,0.080000,0.030000,0.050000,0.050000,0.090000,0.020000,0.090000,0.000000,0.060000,0.030000,0.020000,0.030000,0.040000,0.030000,0.000000,0.070000,0.060000,0.160000,0.030000
brazil58_5_03,58,1653,5,0.300000,25464.000000,89.250100,1,0.230000,0.300000,0.130000,0.230000,0.110000
kroE100_5_03,100,4950,5,0.300000,22221.000000,990.696000,1,0.130000,0.190000,0.280000,0.200000,0.200000
berlin52_5_10,52,1326,5,1.000000,7651.000000,59.671500,1,0.280000,0.200000,0.270000,0.220000,0.030000
lin105_20_03,105,5460,20,0.300000,14506.000000,2659.600000,1,0.040000,0.030000,0.020000,0.060000,0.050000,0.040000,0.030000,0.030000,0.000000,0.010000,0.090000,0.060000,0.170000,0.070000,0.060000,0.080000,0.080000,0.000000,0.060000,0.020000
bays29_10_05,29,406,10,0.500000,2073.000000,11.410800,1,0.130000,0.110000,0.090000,0.050000,0.000000,0.100000,0.090000,0.090000,0.170000,0.170000
eil51_10_10,51,1275,10,1.000000,425.000000,160.593000,1,0.110000,0.140000,0.120000,0.110000,0.140000,0.060000,0.030000,0.060000,0.050000,0.180000
kroC100_10_03,100,4950,10,0.300000,20778.000000,1105.180000,1,0.230000,0.170000,0.050000,0.060000,0.080000,0.050000,0.170000,0.110000,0.010000,0.070000
rat99_10_10,99,4851,10,1.000000,1200.000000,1592.010000,1,0.210000,0.170000,0.180000,0.110000,0.080000,0.000000,0.100000,0.120000,0.010000,0.020000
pr144_5_03,144,10296,5,0.300000,59821.000000,17576.000000,1,0.030000,0.210000,0.400000,0.090000,0.270000
eil76_20_10,76,2850,20,1.000000,534.000000,1347.400000,1,0.070000,0.030000,0.030000,0.020000,0.070000,0.070000,0.010000,0.150000,0.060000,0.000000,0.070000,0.030000,0.040000,0.070000,0.080000,0.020000,0.040000,0.020000,0.080000,0.040000
kroA100_10_10,100,4950,10,1.000000,21947.000000,1764.430000,1,0.050000,0.040000,0.110000,0.130000,0.080000,0.130000,0.110000,0.070000,0.130000,0.150000
ch150_20_05,150,11175,20,0.500000,6536.000000,20464.100000,1,0.100000,0.010000,0.020000,0.090000,0.040000,0.110000,0.130000,0.000000,0.000000,0.010000,0.020000,0.040000,0.030000,0.070000,0.100000,0.040000,0.010000,0.020000,0.070000,0.090000
gr24_5_03,24,276,5,0.300000,1272.000000,2.932190,1,0.080000,0.200000,0.430000,0.030000,0.260000
kroB100_10_03,100,4950,10,0.300000,22222.000000,1907.340000,1,0.110000,0.100000,0.180000,0.070000,0.090000,0.020000,0.030000,0.020000,0.190000,0.190000
bayg29_20_05,29,406,20,0.500000,1660.000000,23.282100,1,0.010000,0.080000,0.020000,0.020000,0.050000,0.040000,0.060000,0.020000,0.070000,0.060000,0.060000,0.080000,0.040000,0.020000,0.020000,0.180000,0.030000,0.070000,0.010000,0.060000
pr76_10_05,76,2850,10,0.500000,108927.000000,914.429000,1,0.110000,0.000000,0.130000,0.140000,0.140000,0.150000,0.150000,0.050000,0.080000,0.050000
gr120_20_03,120,7140,20,0.300000,6976.000000,7833.830000,1,0.070000,0.030000,0.070000,0.060000,0.150000,0.050000,0.040000,0.030000,0.010000,0.000000,0.050000,0.040000,0.070000,0.030000,0.090000,0.020000,0.090000,0.010000,0.010000,0.080000
gr17_10_10,17,136,10,1.000000,2292.000000,2.353860,1,0.050000,0.050000,0.090000,0.210000,0.110000,0.050000,0.150000,0.120000,0.100000,0.070000
brazil58_5_05,58,1653,5,0.500000,25510.000000,113.426000,1,0.260000,0.290000,0.230000,0.200000,0.020000
pr76_5_03,76,2850,5,0.300000,108364.000000,354.272000,1,0.110000,0.140000,0.060000,0.220000,0.470000
st70_20_10,70,2415,20,1.000000,679.000000,1012.860000,0,0.080000,0.000000,0.060000,0.010000,0.010000,0.050000,0.040000,0.060000,0.120000,0.080000,0.000000,0.060000,0.060000,0.040000,0.050000,0.070000,0.080000,0.020000,0.050000,0.060000
kroC100_5_03,100,4950,5,0.300000,20809.000000,553.219000,1,0.630000,0.220000,0.010000,0.120000,0.020000
gr48_20_05,48,1128,20,0.500000,5118.000000,228.556000,1,0.010000,0.070000,0.030000,0.020000,0.000000,0.070000,0.050000,0.060000,0.070000,0.010000,0.080000,0.000000,0.080000,0.060000,0.050000,0.080000,0.090000,0.030000,0.070000,0.070000
eil51_5_05,51,1275,5,0.500000,418.000000,84.496500,0,0.370000,0.230000,0.300000,0.080000,0.020000
hk48_10_05,48,1128,10,0.500000,11474.000000,76.476400,1,0.080000,0.080000,0.150000,0.070000,0.060000,0.120000,0.180000,0.140000,0.100000,0.020000
bays29_5_05,29,406,5,0.500000,2073.000000,5.289180,1,0.060000,0.300000,0.210000,0.220000,0.210000
bier127_10_10,127,8001,10,1.000000,124409.000000,6668.050000,1,0.050000,0.010000,0.210000,0.010000,0.090000,0.150000,0.080000,0.110000,0.090000,0.200000
rat195_5_10,195,18915,5,1.000000,2355.000000,12398.700000,1,0.210000,0.160000,0.050000,0.290000,0.290000
kroE100_10_03,100,4950,10,0.300000,22297.000000,1896.040000,1,0.040000,0.190000,0.060000,0.050000,0.050000,0.060000,0.080000,0.190000,0.090000,0.190000
lin105_10_05,105,5460,10,0.500000,14624.000000,1450.430000,1,0.150000,0.050000,0.030000,0.180000,0.180000,0.170000,0.020000,0.100000,0.050000,0.070000
pr124_5_10,124,7626,5,1.000000,61079.000000,2165.930000,1,0.280000,0.010000,0.250000,0.270000,0.190000
si175_5_10,175,15225,5,1.000000,22975.000000,9034.240000,1,0.080000,0.470000,0.160000,0.170000,0.120000
kroE100_20_10,100,4950,20,1.000000,23386.000000,4872.990000,1,0.070000,0.080000,0.150000,0.000000,0.060000,0.070000,0.070000,0.020000,0.060000,0.050000,0.030000,0.050000,0.080000,0.050000,0.000000,0.010000,0.060000,0.040000,0.020000,0.030000
pr124_5_03,124,7626,5,0.300000,59612.000000,3258.050000,1,0.390000,0.030000,0.040000,0.250000,0.290000
pr107_20_10,107,5671,20,1.000000,47086.000000,28160.400000,1,0.080000,0.070000,0.090000,0.070000,0.060000,0.070000,0.060000,0.130000,0.020000,0.070000,0.090000,0.040000,0.010000,0.000000,0.040000,0.010000,0.000000,0.020000,0.000000,0.070000
kroA200_5_10,200,19900,5,1.000000,30405.000000,14717.600000,1,0.180000,0.170000,0.230000,0.140000,0.280000
gr21_10_10,21,210,10,1.000000,2709.000000,3.522820,1,0.170000,0.150000,0.020000,0.050000,0.150000,0.090000,0.090000,0.130000,0.020000,0.130000
pr107_5_10,107,5671,5,1.000000,46153.000000,7417.340000,1,0.520000,0.000000,0.160000,0.200000,0.120000
kroD100_10_03,100,4950,10,0.300000,21302.000000,1722.360000,1,0.120000,0.140000,0.160000,0.180000,0.110000,0.130000,0.020000,0.050000,0.030000,0.060000
gr24_20_03,24,276,20,0.300000,1272.000000,11.902700,1,0.050000,0.020000,0.020000,0.010000,0.060000,0.010000,0.000000,0.090000,0.090000,0.070000,0.000000,0.050000,0.050000,0.050000,0.000000,0.050000,0.090000,0.030000,0.070000,0.190000
gr48_20_03,48,1128,20,0.300000,5067.000000,223.600000,1,0.070000,0.030000,0.050000,0.000000,0.010000,0.090000,0.030000,0.020000,0.040000,0.020000,0.020000,0.050000,0.070000,0.090000,0.010000,0.000000,0.140000,0.090000,0.080000,0.090000
rd100_10_10,100,4950,10,1.000000,8149.000000,1709.690000,1,0.180000,0.070000,0.040000,0.100000,0.060000,0.060000,0.150000,0.170000,0.160000,0.010000
pr124_10_05,124,7626,10,0.500000,59789.000000,5217.970000,1,0.090000,0.110000,0.150000,0.030000,0.100000,0.010000,0.170000,0.120000,0.090000,0.130000
eil101_5_03,101,5050,5,0.300000,609.000000,984.176000,0,0.240000,0.220000,0.050000,0.360000,0.130000
kroA100_5_10,100,4950,5,1.000000,21895.000000,1039.020000,1,0.260000,0.230000,0.160000,0.170000,0.180000
fri26_5_10,26,325,5,1.000000,1002.000000,4.531930,1,0.520000,0.000000,0.190000,0.260000,0.030000
pr136_5_10,136,9180,5,1.000000,97780.000000,4460.090000,1,0.280000,0.170000,0.240000,0.040000,0.270000
rd100_20_03,100,4950,20,0.300000,7867.000000,2498.880000,1,0.040000,0.050000,0.090000,0.100000,0.020000,0.160000,0.070000,0.080000,0.020000,0.020000,0.110000,0.050000,0.010000,0.000000,0.100000,0.020000,0.020000,0.000000,0.010000,0.030000
ch130_5_10,130,8385,5,1.000000,6271.000000,2975.980000,1,0.260000,0.310000,0.140000,0.180000,0.110000
pr76_10_03,76,2850,10,0.300000,109138.000000,670.904000,1,0.060000,0.020000,0.220000,0.090000,0.040000,0.110000,0.100000,0.150000,0.070000,0.140000
ch130_10_05,130,8385,10,0.500000,6127.000000,6838.780000,0,0.170000,0.130000,0.120000,0.060000,0.090000,0.000000,0.050000,0.230000,0.030000,0.120000
kroC100_10_05,100,4950,10,0.500000,20816.000000,1106.080000,1,0.210000,0.200000,0.030000,0.070000,0.040000,0.080000,0.120000,0.070000,0.090000,0.090000
rat99_5_03,99,4851,5,0.300000,1191.000000,743.636000,1,0.210000,0.110000,0.380000,0.030000,0.270000
bayg29_10_10,29,406,10,1.000000,1727.000000,11.888700,1,0.090000,0.040000,0.010000,0.130000,0.110000,0.120000,0.150000,0.160000,0.060000,0.130000
d198_5_03,198,19503,5,0.300000,15783.000000,63903.700000,1,0.340000,0.090000,0.340000,0.160000,0.070000
ch150_5_10,150,11175,5,1.000000,6775.000000,5328.130000,1,0.030000,0.060000,0.300000,0.330000,0.280000
fri26_10_03,26,325,10,0.300000,937.000000,7.247840,1,0.080000,0.030000,0.090000,0.190000,0.050000,0.110000,0.050000,0.040000,0.160000,0.200000
pr152_5_03,152,11476,5,0.300000,73887.000000,17997.900000,1,0.370000,0.350000,0.030000,0.110000,0.140000
ch130_10_03,130,8385,10,0.300000,6070.000000,5698.020000,1,0.230000,0.140000,0.030000,0.180000,0.080000,0.010000,0.110000,0.040000,0.120000,0.060000
pr152_10_05,152,11476,10,0.500000,75172.000000,34013.200000,1,0.020000,0.120000,0.130000,0.160000,0.060000,0.070000,0.100000,0.120000,0.200000,0.020000
kroB200_5_10,200,19900,5,1.000000,30550.500000,18660.400000,0,0.120000,0.450000,0.020000,0.140000,0.270000
kroA200_5_05,200,19900,5,0.500000,29796.000000,14447.500000,1,0.090000,0.050000,0.300000,0.290000,0.270000
kroC100_20_10,100,4950,20,1.000000,21260.000000,3479.450000,1,0.070000,0.000000,0.010000,0.090000,0.100000,0.100000,0.010000,0.110000,0.070000,0.070000,0.060000,0.000000,0.010000,0.030000,0.050000,0.020000,0.000000,0.070000,0.060000,0.070000
lin105_20_05,105,5460,20,0.500000,14516.000000,2596.740000,1,0.080000,0.190000,0.050000,0.040000,0.020000,0.040000,0.060000,0.000000,0.020000,0.010000,0.070000,0.080000,0.030000,0.070000,0.080000,0.040000,0.010000,0.030000,0.000000,0.080000
hk48_5_05,48,1128,5,0.500000,11511.000000,37.759600,1,0.110000,0.050000,0.160000,0.310000,0.370000
eil76_5_10,76,2850,5,1.000000,546.000000,302.660000,1,0.050000,0.310000,0.200000,0.240000,0.200000
kroC100_5_10,100,4950,5,1.000000,21255.000000,719.523000,1,0.100000,0.050000,0.240000,0.240000,0.370000
pr76_20_10,76,2850,20,1.000000,109521.000000,1769.770000,1,0.090000,0.170000,0.090000,0.080000,0.020000,0.040000,0.040000,0.020000,0.090000,0.050000,0.020000,0.000000,0.040000,0.000000,0.020000,0.090000,0.030000,0.050000,0.040000,0.020000
pr107_10_05,107,5671,10,0.500000,45267.000000,23098.500000,1,0.010000,0.000000,0.190000,0.090000,0.180000,0.040000,0.190000,0.150000,0.100000,0.050000
gr24_10_10,24,276,10,1.000000,1337.000000,6.531030,1,0.190000,0.030000,0.030000,0.180000,0.120000,0.060000,0.000000,0.160000,0.170000,0.060000
brg180_20_03,180,16110,20,0.300000,1950.000000,68475.000000,1,0.020000,0.080000,0.040000,0.060000,0.050000,0.160000,0.040000,0.060000,0.000000,0.030000,0.010000,0.050000,0.030000,0.000000,0.070000,0.090000,0.030000,0.060000,0.050000,0.070000
pr124_10_03,124,7626,10,0.300000,59504.000000,6413.550000,1,0.250000,0.000000,0.130000,0.110000,0.050000,0.090000,0.200000,0.100000,0.020000,0.050000
st70_10_05,70,2415,10,0.500000,663.000000,468.183000,1,0.050000,0.010000,0.030000,0.190000,0.200000,0.190000,0.000000,0.220000,0.010000,0.100000
fri26_10_10,26,325,10,1.000000,957.000000,7.743240,1,0.130000,0.060000,0.040000,0.080000,0.110000,0.020000,0.240000,0.050000,0.210000,0.060000
u159_5_05,159,12561,5,0.500000,42171.000000,3090.840000,1,0.120000,0.040000,0.410000,0.130000,0.300000
brazil58_10_03,58,1653,10,0.300000,25464.000000,174.809000,1,0.090000,0.150000,0.090000,0.090000,0.090000,0.030000,0.040000,0.170000,0.160000,0.090000
st70_5_03,70,2415,5,0.300000,654.000000,245.298000,0,0.080000,0.170000,0.010000,0.340000,0.400000
gr120_5_05,120,7140,5,0.500000,7127.940000,2714.370000,0,0.000000,0.420000,0.310000,0.190000,0.080000
pr76_20_03,76,2850,20,0.300000,108967.000000,1444.980000,1,0.050000,0.080000,0.050000,0.030000,0.070000,0.050000,0.030000,0.090000,0.010000,0.070000,0.090000,0.100000,0.010000,0.040000,0.010000,0.030000,0.000000,0.030000,0.040000,0.120000
eil51_20_03,51,1275,20,0.300000,413.000000,238.680000,1,0.030000,0.070000,0.020000,0.070000,0.000000,0.030000,0.040000,0.080000,0.060000,0.080000,0.020000,0.050000,0.070000,0.010000,0.080000,0.030000,0.070000,0.100000,0.050000,0.040000
pr76_10_10,76,2850,10,1.000000,109804.000000,783.345000,1,0.030000,0.180000,0.140000,0.140000,0.040000,0.050000,0.050000,0.140000,0.080000,0.150000
brg180_5_05,180,16110,5,0.500000,1979.190000,16828.700000,0,0.210000,0.010000,0.570000,0.080000,0.130000
si175_5_03,175,15225,5,0.300000,21589.000000,9082.520000,1,0.070000,0.340000,0.380000,0.190000,0.020000
gr24_5_05,24,276,5,0.500000,1272.000000,2.959310,1,0.200000,0.040000,0.310000,0.320000,0.130000
berlin52_20_10,52,1326,20,1.000000,7948.000000,322.469000,1,0.090000,0.040000,0.080000,0.050000,0.040000,0.000000,0.000000,0.030000,0.030000,0.100000,0.030000,0.080000,0.010000,0.170000,0.050000,0.030000,0.030000,0.020000,0.020000,0.100000
eil51_10_03,51,1275,10,0.300000,413.000000,117.729000,1,0.180000,0.000000,0.030000,0.170000,0.000000,0.190000,0.070000,0.130000,0.080000,0.150000
bayg29_5_03,29,406,5,0.300000,1641.000000,5.860760,1,0.150000,0.230000,0.160000,0.260000,0.200000
berlin52_5_05,52,1326,5,0.500000,7554.000000,60.527500,1,0.290000,0.180000,0.070000,0.410000,0.050000
pr144_5_10,144,10296,5,1.000000,61147.000000,18707.200000,1,0.090000,0.160000,0.200000,0.520000,0.030000
rd100_20_05,100,4950,20,0.500000,7910.000000,2671.270000,1,0.040000,0.090000,0.020000,0.070000,0.020000,0.070000,0.060000,0.150000,0.000000,0.020000,0.070000,0.030000,0.010000,0.020000,0.060000,0.060000,0.050000,0.100000,0.030000,0.030000
kroB150_10_03,150,11175,10,0.300000,26104.000000,5883.590000,1,0.150000,0.150000,0.130000,0.080000,0.130000,0.070000,0.080000,0.060000,0.050000,0.100000
brg180_10_05,180,16110,10,0.500000,1950.000000,26658.700000,1,0.090000,0.100000,0.150000,0.070000,0.130000,0.100000,0.110000,0.030000,0.120000,0.100000
swiss42_10_03,42,861,10,0.300000,1273.000000,44.063700,1,0.160000,0.050000,0.010000,0.090000,0.050000,0.180000,0.020000,0.130000,0.130000,0.180000
fri26_20_05,26,325,20,0.500000,937.000000,16.011700,1,0.050000,0.060000,0.040000,0.030000,0.070000,0.030000,0.070000,0.000000,0.050000,0.050000,0.060000,0.030000,0.060000,0.030000,0.070000,0.060000,0.040000,0.070000,0.120000,0.010000
gr48_10_03,48,1128,10,0.300000,5092.000000,100.920000,1,0.010000,0.160000,0.170000,0.260000,0.040000,0.160000,0.030000,0.050000,0.050000,0.070000
bayg29_5_10,29,406,5,1.000000,1720.000000,6.138960,1,0.250000,0.110000,0.170000,0.170000,0.300000
gr21_20_10,21,210,20,1.000000,2709.000000,8.863050,1,0.080000,0.000000,0.120000,0.060000,0.040000,0.030000,0.040000,0.000000,0.050000,0.030000,0.050000,0.050000,0.010000,0.060000,0.070000,0.040000,0.070000,0.070000,0.080000,0.050000
pr144_10_10,144,10296,10,1.000000,62860.000000,38349.300000,1,0.170000,0.110000,0.100000,0.190000,0.010000,0.110000,0.080000,0.030000,0.070000,0.130000
bier127_5_10,127,8001,5,1.000000,123104.000000,2558.070000,1,0.200000,0.140000,0.230000,0.360000,0.070000
gr48_5_05,48,1128,5,0.500000,5066.000000,51.623400,1,0.360000,0.040000,0.040000,0.360000,0.200000
